"source_file","part","start_line","end_line","chunk_file"
"views/admin/dashboard.php","1","1","120","views__admin__dashboard_php__part001__L00001-L00120.txt"
"views/admin/dashboard.php","2","121","240","views__admin__dashboard_php__part002__L00121-L00240.txt"
"views/admin/dashboard.php","3","241","360","views__admin__dashboard_php__part003__L00241-L00360.txt"
"views/admin/dashboard.php","4","361","480","views__admin__dashboard_php__part004__L00361-L00480.txt"
"views/admin/dashboard.php","5","481","600","views__admin__dashboard_php__part005__L00481-L00600.txt"
"views/admin/dashboard.php","6","601","720","views__admin__dashboard_php__part006__L00601-L00720.txt"
"views/admin/dashboard.php","7","721","840","views__admin__dashboard_php__part007__L00721-L00840.txt"
"views/admin/dashboard.php","8","841","960","views__admin__dashboard_php__part008__L00841-L00960.txt"
"views/admin/dashboard.php","9","961","1069","views__admin__dashboard_php__part009__L00961-L01069.txt"
